sector,indexValue,change,pChange,turnover,scripCount,advancers,decliners,unchanged
"Hydro Power",3516.47,6.44,0.18,2111719080.13,96,65,30,1
"Commercial Banks",1498.07,2.9,0.19,537792179.3,18,8,9,1
"Manufacturing And Processing",10556.06,76.8,0.73,462931492.3,20,0,0,0
"Investment",93.66,0.14,0.15,153420922.6,11,5,3,3
"Microfinance",4427.97,-1.29,-0.03,153208346.5,41,27,13,1
"Development Bank Limited",5338.75,3.28,0.06,98063290.1,20,0,0,0
"Corporate Debenture",2214.2,12.5,0.55,97980114.2,20,0,0,0
"Life Insurance",11560.66,-11.18,-0.1,71534520.1,14,10,3,1
"Finance",2176.16,-0.58,-0.03,69496301,17,8,9,0
"Hotels And Tourism",6909.07,-27.52,-0.4,58689492.5,20,0,0,0
"Others",1785.44,-7.9,-0.44,46983353.5,61,37,17,7
"Non-Life Insurance",9363.77,16.05,0.17,36633371.5,15,8,7,0
"Promotor Share",4444.3,12.5,0.55,19237344.3,5,3,1,1
"Tradings",3165.83,-15.34,-0.48,6571394.3,2,1,1,0
"Mutual Fund",19.48,0.01,0.05,6299750.43,20,0,0,0